Demographic;Borough;Cohort;Total Cohort;Total Grads - n;Total Grads - % of cohort;Total Regents - n;Total Regents - % of cohort;Total Regents - % of grads;Advanced Regents - n;Advanced Regents - % of cohort;Advanced Regents - % of grads;Regents w/o Advanced - n;Regents w/o Advanced - % of cohort;Regents w/o Advanced - % of grads;Local - n;Local - % of cohort;Local - % of grads;Still Enrolled - n;Still Enrolled - % of cohort;Dropped Out - n;Dropped Out - % of cohort
Borough Total;Bronx;2001;11,453;4,913;42.9;2,644;23.1;53.8;998;8.6999999999999993;20.3;1,646;14.4;33.5;2,271;19.8;46.2;3,512;30.7;2,438;21.3
Borough Total;Bronx;2002;12,032;5,328;44.3;3,118;25.9;58.5;992;8.1999999999999993;18.600000000000001;2,126;17.7;39.9;2,217;18.399999999999999;41.6;4,047;33.6;2,140;17.8
Borough Total;Bronx;2003;13,632;6,389;46.9;3,861;28.3;60.4;1,255;9.1999999999999993;19.600000000000001;2,606;19.100000000000001;40.799999999999997;2,528;18.5;39.6;4,258;31.2;2,472;18.100000000000001
Borough Total;Bronx;2004;14,364;7,448;51.9;4,625;32.200000000000003;62.1;1,395;9.6999999999999993;18.7;3,230;22.5;43.4;2,823;19.7;37.9;4,169;29;2,303;16
Borough Total;Bronx;2005;15,175;8,229;54.2;5,618;37;68.3;1,544;10.199999999999999;18.8;4,074;26.8;49.5;2,611;17.2;31.7;3,943;26;2,147;14.1
Borough Total;Bronx;2006;15,579;8,524;54.7;6,312;40.5;74;1,558;10;18.3;4,754;30.5;55.8;2,212;14.2;26;3,824;24.5;2,402;15.4
Borough Total;Bronx;Aug 2006;15,579;9,215;59.2;6,605;42.4;71.7;1,572;10.1;17.100000000000001;5,033;32.299999999999997;54.6;2,610;16.8;28.3;3,160;20.3;2,375;15.2
Borough Total;Brooklyn;2001;19,961;9,758;48.9;6,177;30.9;63.3;2,829;14.2;29;3,348;16.8;34.299999999999997;3,591;18;36.799999999999997;6,101;30.6;3,547;17.8
Borough Total;Brooklyn;2002;20,808;10,337;49.7;7,050;33.9;68.2;2,865;13.8;27.7;4,185;20.100000000000001;40.5;3,298;15.8;31.9;6,368;30.6;3,369;16.2
Borough Total;Brooklyn;2003;21,334;11,064;51.9;7,711;36.1;69.7;3,239;15.2;29.3;4,472;21;40.4;3,353;15.7;30.3;6,571;30.8;3,198;15
Borough Total;Brooklyn;2004;22,353;12,303;55;8,872;39.700000000000003;72.099999999999994;3,741;16.7;30.4;5,131;23;41.7;3,431;15.3;27.9;6,487;29;2,973;13.3
Borough Total;Brooklyn;2005;22,331;12,603;56.4;9,488;42.5;75.3;3,618;16.2;28.7;5,870;26.3;46.6;3,115;13.9;24.7;6,320;28.3;2,578;11.5
Borough Total;Brooklyn;2006;22,177;13,040;58.8;10,440;47.1;80.099999999999994;3,717;16.8;28.5;6,723;30.3;51.6;2,600;11.7;19.899999999999999;5,636;25.4;2,731;12.3
Borough Total;Brooklyn;Aug 2006;22,177;14,043;63.3;10,945;49.4;77.900000000000006;3,763;17;26.8;7,182;32.4;51.1;3,098;14;22.1;4,648;21;2,716;12.2
Borough Total;Manhattan;2001;12,670;7,480;59;4,963;39.200000000000003;66.400000000000006;1,851;14.6;24.7;3,112;24.6;41.6;2,519;19.899999999999999;33.700000000000003;2,829;22.3;1,962;15.5
Borough Total;Manhattan;2002;13,463;7,746;57.5;5,497;40.799999999999997;71;1,872;13.9;24.2;3,625;26.9;46.8;2,259;16.8;29.2;3,561;26.5;1,743;12.9
Borough Total;Manhattan;2003;13,879;7,613;54.9;5,499;39.6;72.2;2,527;18.2;33.200000000000003;2,972;21.4;39;2,114;15.2;27.8;4,240;30.5;1,729;12.5
Borough Total;Manhattan;2004;15,127;8,780;58;6,449;42.6;73.5;2,811;18.600000000000001;32;3,638;24;41.4;2,331;15.4;26.5;4,243;28;1,842;12.2
Borough Total;Manhattan;2005;15,843;9,816;62;7,623;48.1;77.7;2,673;16.899999999999999;27.2;4,950;31.2;50.4;2,192;13.8;22.3;3,874;24.5;1,597;10.1
Borough Total;Manhattan;2006;16,416;10,411;63.4;8,715;53.1;83.7;2,781;16.899999999999999;26.7;5,934;36.1;57;1,696;10.3;16.3;3,719;22.7;1,684;10.3
Borough Total;Manhattan;Aug 2006;16,416;10,947;66.7;8,993;54.8;82.2;2,791;17;25.5;6,202;37.799999999999997;56.7;1,954;11.9;17.8;3,194;19.5;1,674;10.199999999999999
Borough Total;Queens;2001;17,011;9,180;54;6,452;37.9;70.3;2,694;15.8;29.3;3,758;22.1;40.9;2,738;16.100000000000001;29.8;4,679;27.5;2,696;15.8
Borough Total;Queens;2002;18,262;9,869;54;7,250;39.700000000000003;73.5;2,837;15.5;28.7;4,413;24.2;44.7;2,624;14.4;26.6;4,961;27.2;2,816;15.4
Borough Total;Queens;2003;18,415;10,455;56.8;7,917;43;75.7;3,395;18.399999999999999;32.5;4,522;24.6;43.3;2,538;13.8;24.3;4,869;26.4;2,718;14.8
Borough Total;Queens;2004;18,725;10,922;58.3;8,450;45.1;77.400000000000006;3,604;19.2;33;4,846;25.9;44.4;2,472;13.2;22.6;5,001;26.7;2,505;13.4
Borough Total;Queens;2005;19,511;11,863;60.8;9,290;47.6;78.3;3,618;18.5;30.5;5,672;29.1;47.8;2,573;13.2;21.7;4,435;22.7;2,435;12.5
Borough Total;Queens;2006;19,558;12,465;63.7;10,285;52.6;82.5;3,637;18.600000000000001;29.2;6,648;34;53.3;2,180;11.1;17.5;4,272;21.8;2,256;11.5
Borough Total;Queens;Aug 2006;19,558;13,378;68.400000000000006;10,752;55;80.400000000000006;3,681;18.8;27.5;7,071;36.200000000000003;52.9;2,626;13.4;19.600000000000001;3,363;17.2;2,252;11.5
Borough Total;Staten Island;2001;3,872;2,565;66.2;1,901;49.1;74.099999999999994;876;22.6;34.200000000000003;1,025;26.5;40;665;17.2;25.9;786;20.3;417;10.8
Borough Total;Staten Island;2002;4,134;2,721;65.8;2,040;49.3;75;861;20.8;31.6;1,179;28.5;43.3;683;16.5;25.1;844;20.399999999999999;426;10.3
Borough Total;Staten Island;2003;4,218;2,812;66.7;2,169;51.4;77.099999999999994;883;20.9;31.4;1,286;30.5;45.7;643;15.2;22.9;919;21.8;374;8.9
Borough Total;Staten Island;2004;4,142;2,788;67.3;2,220;53.6;79.599999999999994;1,029;24.8;36.9;1,191;28.8;42.7;568;13.7;20.399999999999999;844;20.399999999999999;381;9.1999999999999993
Borough Total;Staten Island;2005;4,460;3,098;69.5;2,467;55.3;79.599999999999994;1,059;23.7;34.200000000000003;1,408;31.6;45.4;631;14.1;20.399999999999999;758;17;362;8.1
Borough Total;Staten Island;2006;4,603;3,346;72.7;2,818;61.2;84.2;1,192;25.9;35.6;1,626;35.299999999999997;48.6;528;11.5;15.8;683;14.8;414;9
Borough Total;Staten Island;Aug 2006;4,603;3,423;74.400000000000006;2,856;62;83.4;1,194;25.9;34.9;1,662;36.1;48.6;567;12.3;16.600000000000001;607;13.2;413;9
English Language Learners;Bronx;2001;1,984;388;19.6;78;3.9;20.1;10;0.5;2.6;68;3.4;17.5;311;15.7;80.2;799;40.3;592;29.8
English Language Learners;Bronx;2002;1,693;333;19.7;77;4.5;23.1;7;0.4;2.1;70;4.1;21;257;15.2;77.2;725;42.8;509;30.1
English Language Learners;Bronx;2003;1,905;391;20.5;95;5;24.3;12;0.6;3.1;83;4.4;21.2;296;15.5;75.7;790;41.5;586;30.8
English Language Learners;Bronx;2004;1,894;640;33.8;214;11.3;33.4;27;1.4;4.2;187;9.9;29.2;426;22.5;66.6;711;37.5;437;23.1
English Language Learners;Bronx;2005;1,940;694;35.8;317;16.3;45.7;53;2.7;7.6;264;13.6;38;377;19.4;54.3;685;35.3;357;18.4
English Language Learners;Bronx;2006;2,143;791;36.9;396;18.5;50.1;30;1.4;3.8;366;17.1;46.3;395;18.4;49.9;722;33.7;429;20
English Language Learners;Bronx;Aug 2006;2,143;899;42;422;19.7;46.9;31;1.4;3.4;391;18.2;43.5;477;22.3;53.1;619;28.9;424;19.8
English Language Learners;Brooklyn;2001;2,543;691;27.2;268;10.5;38.8;116;4.6;16.8;152;6;22;424;16.7;61.4;1,070;42.1;658;25.9
English Language Learners;Brooklyn;2002;1,902;428;22.5;145;7.6;33.9;46;2.4;10.7;99;5.2;23.1;287;15.1;67.1;765;40.2;622;32.7
English Language Learners;Brooklyn;2003;1,899;448;23.6;217;11.4;48.4;82;4.3;18.3;135;7.1;30.1;231;12.2;51.6;849;44.7;542;28.5
English Language Learners;Brooklyn;2004;2,055;730;35.5;381;18.5;52.2;142;6.9;19.5;239;11.6;32.7;349;17;47.8;799;38.9;447;21.8
English Language Learners;Brooklyn;2005;2,220;864;38.9;474;21.4;54.9;177;8;20.5;297;13.4;34.4;390;17.6;45.1;851;38.3;409;18.4
English Language Learners;Brooklyn;2006;2,181;905;41.5;641;29.4;70.8;186;8.5;20.6;455;20.9;50.3;264;12.1;29.2;764;35;433;19.9
English Language Learners;Brooklyn;Aug 2006;2,181;988;45.3;674;30.9;68.2;188;8.6;19;486;22.3;49.2;314;14.4;31.8;681;31.2;433;19.9
English Language Learners;Manhattan;2001;1,956;691;35.3;237;12.1;34.3;49;2.5;7.1;188;9.6;27.2;454;23.2;65.7;592;30.3;527;26.9
English Language Learners;Manhattan;2002;1,397;331;23.7;133;9.5;40.2;17;1.2;5.1;116;8.3;35;202;14.5;61;610;43.7;392;28.1
English Language Learners;Manhattan;2003;1,761;489;27.8;195;11.1;39.9;51;2.9;10.4;144;8.2;29.4;294;16.7;60.1;751;42.6;453;25.7
English Language Learners;Manhattan;2004;1,854;698;37.6;344;18.6;49.3;124;6.7;17.8;220;11.9;31.5;354;19.1;50.7;737;39.8;351;18.9
English Language Learners;Manhattan;2005;1,909;815;42.7;462;24.2;56.7;148;7.8;18.2;314;16.4;38.5;352;18.4;43.2;637;33.4;365;19.1
English Language Learners;Manhattan;2006;1,977;817;41.3;563;28.5;68.9;169;8.5;20.7;394;19.9;48.2;254;12.8;31.1;643;32.5;411;20.8
English Language Learners;Manhattan;Aug 2006;1,977;881;44.6;576;29.1;65.4;169;8.5;19.2;407;20.6;46.2;305;15.4;34.6;580;29.3;410;20.7
English Language Learners;Queens;2001;2,689;873;32.5;362;13.5;41.5;136;5.1;15.6;226;8.4;25.9;512;19;58.6;1,023;38;673;25
English Language Learners;Queens;2002;1,963;476;24.2;223;11.4;46.8;58;3;12.2;165;8.4;34.7;254;12.9;53.4;789;40.2;614;31.3
English Language Learners;Queens;2003;2,127;579;27.2;314;14.8;54.2;112;5.3;19.3;202;9.5;34.9;265;12.5;45.8;857;40.3;621;29.2
English Language Learners;Queens;2004;2,456;919;37.4;537;21.9;58.4;183;7.5;19.9;354;14.4;38.5;382;15.6;41.6;957;39;523;21.3
English Language Learners;Queens;2005;2,508;1,049;41.8;630;25.1;60.1;202;8.1;19.3;428;17.1;40.8;419;16.7;39.9;827;33;516;20.6
English Language Learners;Queens;2006;2,598;1,168;45;793;30.5;67.9;195;7.5;16.7;598;23;51.2;375;14.4;32.1;832;32;497;19.1
English Language Learners;Queens;Aug 2006;2,598;1,328;51.1;856;32.9;64.5;207;8;15.6;649;25;48.9;472;18.2;35.5;672;25.9;497;19.1
English Language Learners;Staten Island;2001;171;42;24.6;16;9.4;38.1;4;2.3;9.5;12;7;28.6;26;15.2;61.9;78;45.6;38;22.2
English Language Learners;Staten Island;2002;153;41;26.8;17;11.1;41.5;4;2.6;9.8;13;8.5;31.7;24;15.7;58.5;64;41.8;39;25.5
English Language Learners;Staten Island;2003;201;74;36.8;46;22.9;62.2;5;2.5;6.8;41;20.4;55.4;28;13.9;37.8;73;36.3;36;17.9
English Language Learners;Staten Island;2004;153;36;23.5;15;9.8;41.7;2;1.3;5.6;13;8.5;36.1;21;13.7;58.3;70;45.8;38;24.8
English Language Learners;Staten Island;2005;187;59;31.6;25;13.4;42.4;3;1.6;5.1;22;11.8;37.3;34;18.2;57.6;59;31.6;41;21.9
English Language Learners;Staten Island;2006;153;74;48.4;44;28.8;59.5;13;8.5;17.6;31;20.3;41.9;30;19.6;40.5;40;26.1;24;15.7
English Language Learners;Staten Island;Aug 2006;153;79;51.6;45;29.4;57;13;8.5;16.5;32;20.9;40.5;34;22.2;43;35;22.9;24;15.7
English Proficient Students;Bronx;2001;9,469;4,525;47.8;2,566;27.1;56.7;988;10.4;21.8;1,578;16.7;34.9;1,960;20.7;43.3;2,713;28.7;1,846;19.5
English Proficient Students;Bronx;2002;10,339;4,995;48.3;3,041;29.4;60.9;985;9.5;19.7;2,056;19.9;41.2;1,960;19;39.2;3,322;32.1;1,631;15.8
English Proficient Students;Bronx;2003;11,727;5,998;51.1;3,766;32.1;62.8;1,243;10.6;20.7;2,523;21.5;42.1;2,232;19;37.2;3,468;29.6;1,886;16.1
English Proficient Students;Bronx;2004;12,470;6,808;54.6;4,411;35.4;64.8;1,368;11;20.1;3,043;24.4;44.7;2,397;19.2;35.2;3,458;27.7;1,866;15
English Proficient Students;Bronx;2005;13,235;7,535;56.9;5,301;40.1;70.4;1,491;11.3;19.8;3,810;28.8;50.6;2,234;16.9;29.6;3,258;24.6;1,790;13.5
English Proficient Students;Bronx;2006;13,436;7,733;57.6;5,916;44;76.5;1,528;11.4;19.8;4,388;32.7;56.7;1,817;13.5;23.5;3,102;23.1;1,973;14.7
English Proficient Students;Bronx;Aug 2006;13,436;8,316;61.9;6,183;46;74.4;1,541;11.5;18.5;4,642;34.5;55.8;2,133;15.9;25.6;2,541;18.9;1,951;14.5
English Proficient Students;Brooklyn;2001;17,418;9,067;52.1;5,909;33.9;65.2;2,713;15.6;29.9;3,196;18.3;35.2;3,167;18.2;34.9;5,031;28.9;2,889;16.6
English Proficient Students;Brooklyn;2002;18,906;9,909;52.4;6,905;36.5;69.7;2,819;14.9;28.4;4,086;21.6;41.2;3,011;15.9;30.4;5,603;29.6;2,747;14.5
English Proficient Students;Brooklyn;2003;19,435;10,616;54.6;7,494;38.6;70.6;3,157;16.2;29.7;4,337;22.3;40.9;3,122;16.1;29.4;5,722;29.4;2,656;13.7
English Proficient Students;Brooklyn;2004;20,298;11,573;57;8,491;41.8;73.4;3,599;17.7;31.1;4,892;24.1;42.3;3,082;15.2;26.6;5,688;28;2,526;12.4
English Proficient Students;Brooklyn;2005;20,111;11,739;58.4;9,014;44.8;76.8;3,441;17.1;29.3;5,573;27.7;47.5;2,725;13.5;23.2;5,469;27.2;2,169;10.8
English Proficient Students;Brooklyn;2006;19,996;12,135;60.7;9,799;49;80.7;3,531;17.7;29.1;6,268;31.3;51.7;2,336;11.7;19.3;4,872;24.4;2,298;11.5
English Proficient Students;Brooklyn;Aug 2006;19,996;13,055;65.3;10,271;51.4;78.7;3,575;17.9;27.4;6,696;33.5;51.3;2,784;13.9;21.3;3,967;19.8;2,283;11.4
English Proficient Students;Manhattan;2001;10,714;6,789;63.4;4,726;44.1;69.6;1,802;16.8;26.5;2,924;27.3;43.1;2,065;19.3;30.4;2,237;20.9;1,435;13.4
English Proficient Students;Manhattan;2002;12,066;7,415;61.5;5,364;44.5;72.3;1,855;15.4;25;3,509;29.1;47.3;2,057;17;27.7;2,951;24.5;1,351;11.2
English Proficient Students;Manhattan;2003;12,118;7,124;58.8;5,304;43.8;74.5;2,476;20.4;34.8;2,828;23.3;39.7;1,820;15;25.5;3,489;28.8;1,276;10.5
English Proficient Students;Manhattan;2004;13,273;8,082;60.9;6,105;46;75.5;2,687;20.2;33.2;3,418;25.8;42.3;1,977;14.9;24.5;3,506;26.4;1,491;11.2
English Proficient Students;Manhattan;2005;13,934;9,001;64.6;7,161;51.4;79.6;2,525;18.1;28.1;4,636;33.3;51.5;1,840;13.2;20.4;3,237;23.2;1,232;8.8
English Proficient Students;Manhattan;2006;14,439;9,594;66.4;8,152;56.5;85;2,612;18.1;27.2;5,540;38.4;57.7;1,442;10;15;3,076;21.3;1,273;8.8
English Proficient Students;Manhattan;Aug 2006;14,439;10,066;69.7;8,417;58.3;83.6;2,622;18.2;26;5,795;40.1;57.6;1,649;11.4;16.4;2,614;18.1;1,264;8.8
English Proficient Students;Queens;2001;14,322;8,307;58;6,090;42.5;73.3;2,558;17.9;30.8;3,532;24.7;42.5;2,226;15.5;26.8;3,656;25.5;2,023;14.1
English Proficient Students;Queens;2002;16,299;9,393;57.6;7,027;43.1;74.8;2,779;17.1;29.6;4,248;26.1;45.2;2,370;14.5;25.2;4,172;25.6;2,202;13.5
English Proficient Students;Queens;2003;16,288;9,876;60.6;7,603;46.7;77;3,283;20.2;33.2;4,320;26.5;43.7;2,273;14;23;4,012;24.6;2,097;12.9
English Proficient Students;Queens;2004;16,269;10,003;61.5;7,913;48.6;79.1;3,421;21;34.2;4,492;27.6;44.9;2,090;12.8;20.9;4,044;24.9;1,982;12.2
English Proficient Students;Queens;2005;17,003;10,814;63.6;8,660;50.9;80.1;3,416;20.1;31.6;5,244;30.8;48.5;2,154;12.7;19.9;3,608;21.2;1,919;11.3
English Proficient Students;Queens;2006;16,960;11,297;66.6;9,492;56;84;3,442;20.3;30.5;6,050;35.7;53.6;1,805;10.6;16;3,440;20.3;1,759;10.4
English Proficient Students;Queens;Aug 2006;16,960;12,050;71;9,896;58.3;82.1;3,474;20.5;28.8;6,422;37.9;53.3;2,154;12.7;17.9;2,691;15.9;1,755;10.3
English Proficient Students;Staten Island;2001;3,701;2,523;68.2;1,885;50.9;74.7;872;23.6;34.6;1,013;27.4;40.2;639;17.3;25.3;708;19.1;379;10.2
English Proficient Students;Staten Island;2002;3,981;2,680;67.3;2,023;50.8;75.5;857;21.5;32;1,166;29.3;43.5;659;16.6;24.6;780;19.6;387;9.7
English Proficient Students;Staten Island;2003;4,017;2,738;68.2;2,123;52.9;77.5;878;21.9;32.1;1,245;31;45.5;615;15.3;22.5;846;21.1;338;8.4
English Proficient Students;Staten Island;2004;3,989;2,752;69;2,205;55.3;80.1;1,027;25.7;37.3;1,178;29.5;42.8;547;13.7;19.9;774;19.4;343;8.6
English Proficient Students;Staten Island;2005;4,273;3,039;71.1;2,442;57.1;80.4;1,056;24.7;34.7;1,386;32.4;45.6;597;14;19.6;699;16.4;321;7.5
English Proficient Students;Staten Island;2006;4,450;3,272;73.5;2,774;62.3;84.8;1,179;26.5;36;1,595;35.8;48.7;498;11.2;15.2;643;14.4;390;8.8
English Proficient Students;Staten Island;Aug 2006;4,450;3,344;75.1;2,811;63.2;84.1;1,181;26.5;35.3;1,630;36.6;48.7;533;12;15.9;572;12.9;389;8.7
Special Education;Bronx;2001;2,259;309;13.7;40;1.8;12.9;6;0.3;1.9;34;1.5;11;271;12;87.7;561;24.8;866;38.3
Special Education;Bronx;2002;1,594;255;16;41;2.6;16.1;1;0.1;0.4;40;2.5;15.7;214;13.4;83.9;580;36.4;489;30.7
Special Education;Bronx;2003;2,273;362;15.9;60;2.6;16.6;8;0.4;2.2;52;2.3;14.4;302;13.3;83.4;1,022;45;593;26.1
Special Education;Bronx;2004;2,388;518;21.7;127;5.3;24.5;15;0.6;2.9;112;4.7;21.6;391;16.4;75.5;947;39.7;553;23.2
Special Education;Bronx;2005;2,665;585;22;200;7.5;34.2;16;0.6;2.7;184;6.9;31.5;385;14.4;65.8;1,017;38.2;588;22.1
Special Education;Bronx;2006;2,889;741;25.6;261;9;35.2;17;0.6;2.3;244;8.4;32.9;480;16.6;64.8;988;34.2;655;22.7
Special Education;Bronx;Aug 2006;2,889;818;28.3;272;9.4;33.3;17;0.6;2.1;255;8.8;31.2;546;18.9;66.7;914;31.6;652;22.6
Special Education;Brooklyn;2001;2,702;402;14.9;69;2.6;17.2;11;0.4;2.7;58;2.1;14.4;339;12.5;84.3;869;32.2;947;35
Special Education;Brooklyn;2002;2,169;325;15;79;3.6;24.3;13;0.6;4;66;3;20.3;246;11.3;75.7;918;42.3;584;26.9
Special Education;Brooklyn;2003;2,796;469;16.8;118;4.2;25.2;30;1.1;6.4;88;3.1;18.8;351;12.6;74.8;1,417;50.7;650;23.2
Special Education;Brooklyn;2004;3,066;603;19.7;185;6;30.7;35;1.1;5.8;150;4.9;24.9;418;13.6;69.3;1,323;43.2;649;21.2
Special Education;Brooklyn;2005;3,021;649;21.5;217;7.2;33.4;41;1.4;6.3;176;5.8;27.1;432;14.3;66.6;1,254;41.5;649;21.5
Special Education;Brooklyn;2006;3,183;789;24.8;310;9.7;39.3;43;1.4;5.4;267;8.4;33.8;479;15;60.7;1,289;40.5;666;20.9
Special Education;Brooklyn;Aug 2006;3,183;893;28.1;329;10.3;36.8;46;1.4;5.2;283;8.9;31.7;564;17.7;63.2;1,188;37.3;663;20.8
Special Education;Manhattan;2001;1,586;292;18.4;58;3.7;19.9;5;0.3;1.7;53;3.3;18.2;235;14.8;80.5;407;25.7;553;34.9
Special Education;Manhattan;2002;1,159;234;20.2;76;6.6;32.5;10;0.9;4.3;66;5.7;28.2;158;13.6;67.5;471;40.6;303;26.1
Special Education;Manhattan;2003;1,503;281;18.7;90;6;32;18;1.2;6.4;72;4.8;25.6;191;12.7;68;728;48.4;333;22.2
Special Education;Manhattan;2004;1,847;454;24.6;163;8.8;35.9;21;1.1;4.6;142;7.7;31.3;291;15.8;64.1;758;41;418;22.6
Special Education;Manhattan;2005;1,916;514;26.8;202;10.5;39.3;20;1;3.9;182;9.5;35.4;312;16.3;60.7;754;39.4;382;19.9
Special Education;Manhattan;2006;2,170;686;31.6;327;15.1;47.7;26;1.2;3.8;301;13.9;43.9;359;16.5;52.3;774;35.7;424;19.5
Special Education;Manhattan;Aug 2006;2,170;722;33.3;335;15.4;46.4;26;1.2;3.6;309;14.2;42.8;387;17.8;53.6;738;34;424;19.5
Special Education;Queens;2001;1,999;419;21;63;3.2;15;14;0.7;3.3;49;2.5;11.7;359;18;85.7;559;28;643;32.2
Special Education;Queens;2002;1,366;294;21.5;75;5.5;25.5;8;0.6;2.7;67;4.9;22.8;219;16;74.5;500;36.6;385;28.2
Special Education;Queens;2003;1,782;343;19.2;72;4;21;8;0.4;2.3;64;3.6;18.7;271;15.2;79;900;50.5;379;21.3
Special Education;Queens;2004;2,099;495;23.6;171;8.1;34.5;28;1.3;5.7;143;6.8;28.9;324;15.4;65.5;908;43.3;442;21.1
Special Education;Queens;2005;2,366;629;26.6;232;9.8;36.9;21;0.9;3.3;211;8.9;33.5;397;16.8;63.1;930;39.3;502;21.2
Special Education;Queens;2006;2,345;643;27.4;259;11;40.3;29;1.2;4.5;230;9.8;35.8;384;16.4;59.7;952;40.6;489;20.9
Special Education;Queens;Aug 2006;2,345;736;31.4;274;11.7;37.2;30;1.3;4.1;244;10.4;33.2;462;19.7;62.8;860;36.7;488;20.8
Special Education;Staten Island;2001;622;184;29.6;26;4.2;14.1;2;0.3;1.1;24;3.9;13;158;25.4;85.9;184;29.6;160;25.7
Special Education;Staten Island;2002;475;158;33.3;28;5.9;17.7;3;0.6;1.9;25;5.3;15.8;131;27.6;82.9;180;37.9;91;19.2
Special Education;Staten Island;2003;636;174;27.4;52;8.2;29.9;8;1.3;4.6;44;6.9;25.3;122;19.2;70.1;308;48.4;88;13.8
Special Education;Staten Island;2004;712;216;30.3;73;10.3;33.8;12;1.7;5.6;61;8.6;28.2;143;20.1;66.2;256;36;118;16.6
Special Education;Staten Island;2005;777;283;36.4;107;13.8;37.8;15;1.9;5.3;92;11.8;32.5;176;22.7;62.2;256;32.9;127;16.3
Special Education;Staten Island;2006;778;308;39.6;113;14.5;36.7;13;1.7;4.2;100;12.9;32.5;195;25.1;63.3;240;30.8;141;18.1
Special Education;Staten Island;Aug 2006;778;321;41.3;117;15;36.4;13;1.7;4;104;13.4;32.4;204;26.2;63.6;227;29.2;141;18.1
General Education;Bronx;2001;9,194;4,604;50.1;2,604;28.3;56.6;992;10.8;21.5;1,612;17.5;35;2,000;21.8;43.4;2,951;32.1;1,572;17.1
General Education;Bronx;2002;10,438;5,073;48.6;3,077;29.5;60.7;991;9.5;19.5;2,086;20;41.1;2,003;19.2;39.5;3,467;33.2;1,651;15.8
General Education;Bronx;2003;11,359;6,027;53.1;3,801;33.5;63.1;1,247;11;20.7;2,554;22.5;42.4;2,226;19.6;36.9;3,236;28.5;1,879;16.5
General Education;Bronx;2004;11,976;6,930;57.9;4,498;37.6;64.9;1,380;11.5;19.9;3,118;26;45;2,432;20.3;35.1;3,222;26.9;1,750;14.6
General Education;Bronx;2005;12,510;7,644;61.1;5,418;43.3;70.9;1,528;12.2;20;3,890;31.1;50.9;2,226;17.8;29.1;2,926;23.4;1,559;12.5
General Education;Bronx;2006;12,690;7,783;61.3;6,051;47.7;77.7;1,541;12.1;19.8;4,510;35.5;57.9;1,732;13.6;22.3;2,836;22.3;1,747;13.8
General Education;Bronx;Aug 2006;12,690;8,397;66.2;6,333;49.9;75.4;1,555;12.3;18.5;4,778;37.7;56.9;2,064;16.3;24.6;2,246;17.7;1,723;13.6
General Education;Brooklyn;2001;17,259;9,356;54.2;6,108;35.4;65.3;2,818;16.3;30.1;3,290;19.1;35.2;3,252;18.8;34.8;5,232;30.3;2,600;15.1
General Education;Brooklyn;2002;18,639;10,012;53.7;6,971;37.4;69.6;2,852;15.3;28.5;4,119;22.1;41.1;3,052;16.4;30.5;5,450;29.2;2,785;14.9
General Education;Brooklyn;2003;18,538;10,595;57.2;7,593;41;71.7;3,209;17.3;30.3;4,384;23.6;41.4;3,002;16.2;28.3;5,154;27.8;2,548;13.7
General Education;Brooklyn;2004;19,287;11,700;60.7;8,687;45;74.2;3,706;19.2;31.7;4,981;25.8;42.6;3,013;15.6;25.8;5,164;26.8;2,324;12
General Education;Brooklyn;2005;19,310;11,954;61.9;9,271;48;77.6;3,577;18.5;29.9;5,694;29.5;47.6;2,683;13.9;22.4;5,066;26.2;1,929;10
General Education;Brooklyn;2006;18,994;12,251;64.5;10,130;53.3;82.7;3,674;19.3;30;6,456;34;52.7;2,121;11.2;17.3;4,347;22.9;2,065;10.9
General Education;Brooklyn;Aug 2006;18,994;13,150;69.2;10,616;55.9;80.7;3,717;19.6;28.3;6,899;36.3;52.5;2,534;13.3;19.3;3,460;18.2;2,053;10.8
General Education;Manhattan;2001;11,084;7,188;64.9;4,905;44.3;68.2;1,846;16.7;25.7;3,059;27.6;42.6;2,284;20.6;31.8;2,422;21.9;1,409;12.7
General Education;Manhattan;2002;12,304;7,512;61.1;5,421;44.1;72.2;1,862;15.1;24.8;3,559;28.9;47.4;2,101;17.1;28;3,090;25.1;1,440;11.7
General Education;Manhattan;2003;12,376;7,332;59.2;5,409;43.7;73.8;2,509;20.3;34.2;2,900;23.4;39.6;1,923;15.5;26.2;3,512;28.4;1,396;11.3
General Education;Manhattan;2004;13,280;8,326;62.7;6,286;47.3;75.5;2,790;21;33.5;3,496;26.3;42;2,040;15.4;24.5;3,485;26.2;1,424;10.7
General Education;Manhattan;2005;13,927;9,302;66.8;7,421;53.3;79.8;2,653;19;28.5;4,768;34.2;51.3;1,880;13.5;20.2;3,120;22.4;1,215;8.7
General Education;Manhattan;2006;14,246;9,725;68.3;8,388;58.9;86.3;2,755;19.3;28.3;5,633;39.5;57.9;1,337;9.4;13.7;2,945;20.7;1,260;8.8
General Education;Manhattan;Aug 2006;14,246;10,225;71.8;8,658;60.8;84.7;2,765;19.4;27;5,893;41.4;57.6;1,567;11;15.3;2,456;17.2;1,250;8.8
General Education;Queens;2001;15,012;8,761;58.4;6,389;42.6;72.9;2,680;17.9;30.6;3,709;24.7;42.3;2,379;15.8;27.2;4,120;27.4;2,053;13.7
General Education;Queens;2002;16,896;9,575;56.7;7,175;42.5;74.9;2,829;16.7;29.5;4,346;25.7;45.4;2,405;14.2;25.1;4,461;26.4;2,431;14.4
General Education;Queens;2003;16,633;10,112;60.8;7,845;47.2;77.6;3,387;20.4;33.5;4,458;26.8;44.1;2,267;13.6;22.4;3,969;23.9;2,339;14.1
General Education;Queens;2004;16,626;10,427;62.7;8,279;49.8;79.4;3,576;21.5;34.3;4,703;28.3;45.1;2,148;12.9;20.6;4,093;24.6;2,063;12.4
General Education;Queens;2005;17,145;11,234;65.5;9,058;52.8;80.6;3,597;21;32;5,461;31.9;48.6;2,176;12.7;19.4;3,505;20.4;1,933;11.3
General Education;Queens;2006;17,213;11,822;68.7;10,026;58.2;84.8;3,608;21;30.5;6,418;37.3;54.3;1,796;10.4;15.2;3,320;19.3;1,767;10.3
General Education;Queens;Aug 2006;17,213;12,642;73.4;10,478;60.9;82.9;3,651;21.2;28.9;6,827;39.7;54;2,164;12.6;17.1;2,503;14.5;1,764;10.2
General Education;Staten Island;2001;3,250;2,381;73.3;1,875;57.7;78.7;874;26.9;36.7;1,001;30.8;42;507;15.6;21.3;602;18.5;257;7.9
General Education;Staten Island;2002;3,659;2,563;70;2,012;55;78.5;858;23.4;33.5;1,154;31.5;45;552;15.1;21.5;664;18.1;335;9.2
General Education;Staten Island;2003;3,582;2,638;73.6;2,117;59.1;80.3;875;24.4;33.2;1,242;34.7;47.1;521;14.5;19.7;611;17.1;286;8
General Education;Staten Island;2004;3,430;2,572;75;2,147;62.6;83.5;1,017;29.7;39.5;1,130;32.9;43.9;425;12.4;16.5;588;17.1;263;7.7
General Education;Staten Island;2005;3,683;2,815;76.4;2,360;64.1;83.8;1,044;28.3;37.1;1,316;35.7;46.7;455;12.4;16.2;502;13.6;235;6.4
General Education;Staten Island;2006;3,825;3,038;79.4;2,705;70.7;89;1,179;30.8;38.8;1,526;39.9;50.2;333;8.7;11;443;11.6;273;7.1
General Education;Staten Island;Aug 2006;3,825;3,102;81.1;2,739;71.6;88.3;1,181;30.9;38.1;1,558;40.7;50.2;363;9.5;11.7;380;9.9;272;7.1
Asian;Bronx;2001;638;479;75.1;396;62.1;82.7;314;49.2;65.6;82;12.9;17.1;84;13.2;17.5;92;14.4;60;9.4
Asian;Bronx;2002;681;497;73;451;66.2;90.7;350;51.4;70.4;101;14.8;20.3;46;6.8;9.3;132;19.4;39;5.7
Asian;Bronx;2003;672;552;82.1;487;72.5;88.2;382;56.8;69.2;105;15.6;19;65;9.7;11.8;82;12.2;35;5.2
Asian;Bronx;2004;748;624;83.4;560;74.9;89.7;421;56.3;67.5;139;18.6;22.3;64;8.6;10.3;98;13.1;23;3.1
Asian;Bronx;2005;753;657;87.3;599;79.5;91.2;459;61;69.9;140;18.6;21.3;58;7.7;8.8;56;7.4;28;3.7
Asian;Bronx;2006;830;707;85.2;666;80.2;94.2;491;59.2;69.4;175;21.1;24.8;41;4.9;5.8;78;9.4;34;4.1
Asian;Bronx;Aug 2006;830;732;88.2;678;81.7;92.6;496;59.8;67.8;182;21.9;24.9;54;6.5;7.4;55;6.6;32;3.9
Asian;Brooklyn;2001;2,418;1,543;63.8;1,305;54;84.6;930;38.5;60.3;375;15.5;24.3;239;9.9;15.5;554;22.9;303;12.5
Asian;Brooklyn;2002;2,676;1,765;66;1,557;58.2;88.2;1,052;39.3;59.6;505;18.9;28.6;209;7.8;11.8;556;20.8;327;12.2
Asian;Brooklyn;2003;2,688;1,862;69.3;1,665;61.9;89.4;1,114;41.4;59.8;551;20.5;29.6;197;7.3;10.6;537;20;274;10.2
Asian;Brooklyn;2004;2,888;2,097;72.6;1,901;65.8;90.7;1,315;45.5;62.7;586;20.3;27.9;196;6.8;9.3;527;18.2;249;8.6
Asian;Brooklyn;2005;2,954;2,144;72.6;1,957;66.2;91.3;1,303;44.1;60.8;654;22.1;30.5;187;6.3;8.7;561;19;214;7.2
Asian;Brooklyn;2006;2,949;2,296;77.9;2,176;73.8;94.8;1,437;48.7;62.6;739;25.1;32.2;120;4.1;5.2;432;14.6;190;6.4
Asian;Brooklyn;Aug 2006;2,949;2,413;81.8;2,265;76.8;93.9;1,460;49.5;60.5;805;27.3;33.4;148;5;6.1;316;10.7;189;6.4
Asian;Manhattan;2001;1,581;1,265;80;1,038;65.7;82.1;622;39.3;49.2;416;26.3;32.9;227;14.4;17.9;210;13.3;97;6.1
Asian;Manhattan;2002;1,748;1,374;78.6;1,224;70;89.1;706;40.4;51.4;518;29.6;37.7;151;8.6;11;239;13.7;90;5.1
Asian;Manhattan;2003;1,666;1,296;77.8;1,168;70.1;90.1;875;52.5;67.5;293;17.6;22.6;128;7.7;9.9;279;16.7;79;4.7
Asian;Manhattan;2004;2,057;1,621;78.8;1,473;71.6;90.9;1,063;51.7;65.6;410;19.9;25.3;148;7.2;9.1;332;16.1;93;4.5
Asian;Manhattan;2005;2,073;1,697;81.9;1,568;75.6;92.4;1,062;51.2;62.6;506;24.4;29.8;129;6.2;7.6;261;12.6;93;4.5
Asian;Manhattan;2006;2,113;1,739;82.3;1,658;78.5;95.3;1,119;53;64.3;539;25.5;31;81;3.8;4.7;238;11.3;115;5.4
Asian;Manhattan;Aug 2006;2,113;1,767;83.6;1,679;79.5;95;1,121;53.1;63.4;558;26.4;31.6;88;4.2;5;211;10;114;5.4
Asian;Queens;2001;4,222;2,836;67.2;2,258;53.5;79.6;1,273;30.2;44.9;985;23.3;34.7;580;13.7;20.5;885;21;452;10.7
Asian;Queens;2002;4,613;3,073;66.6;2,538;55;82.6;1,349;29.2;43.9;1,189;25.8;38.7;537;11.6;17.5;948;20.6;482;10.4
Asian;Queens;2003;4,745;3,335;70.3;2,895;61;86.8;1,701;35.8;51;1,194;25.2;35.8;440;9.3;13.2;907;19.1;467;9.8
Asian;Queens;2004;4,773;3,394;71.1;2,944;61.7;86.7;1,740;36.5;51.3;1,204;25.2;35.5;450;9.4;13.3;939;19.7;407;8.5
Asian;Queens;2005;4,901;3,683;75.1;3,218;65.7;87.4;1,839;37.5;49.9;1,379;28.1;37.4;465;9.5;12.6;793;16.2;304;6.2
Asian;Queens;2006;5,035;3,835;76.2;3,472;69;90.5;1,793;35.6;46.8;1,679;33.3;43.8;363;7.2;9.5;784;15.6;352;7
Asian;Queens;Aug 2006;5,035;4,059;80.6;3,615;71.8;89.1;1,826;36.3;45;1,789;35.5;44.1;444;8.8;10.9;560;11.1;352;7
Asian;Staten Island;2001;333;268;80.5;225;67.6;84;138;41.4;51.5;87;26.1;32.5;43;12.9;16;46;13.8;16;4.8
Asian;Staten Island;2002;319;265;83.1;222;69.6;83.8;141;44.2;53.2;81;25.4;30.6;44;13.8;16.6;35;11;15;4.7
Asian;Staten Island;2003;362;302;83.4;261;72.1;86.4;152;42;50.3;109;30.1;36.1;41;11.3;13.6;39;10.8;18;5
Asian;Staten Island;2004;368;319;86.7;291;79.1;91.2;178;48.4;55.8;113;30.7;35.4;28;7.6;8.8;37;10.1;6;1.6
Asian;Staten Island;2005;379;326;86;296;78.1;90.8;187;49.3;57.4;109;28.8;33.4;30;7.9;9.2;40;10.6;6;1.6
Asian;Staten Island;2006;439;392;89.3;365;83.1;93.1;243;55.4;62;122;27.8;31.1;27;6.2;6.9;22;5;17;3.9
Asian;Staten Island;Aug 2006;439;393;89.5;366;83.4;93.1;243;55.4;61.8;123;28;31.3;27;6.2;6.9;21;4.8;17;3.9
Black;Bronx;2001;3,852;1,662;43.1;800;20.8;48.1;158;4.1;9.5;642;16.7;38.6;862;22.4;51.9;1,213;31.5;770;20
Black;Bronx;2002;3,965;1,717;43.3;945;23.8;55;143;3.6;8.3;802;20.2;46.7;774;19.5;45.1;1,415;35.7;639;16.1
Black;Bronx;2003;4,572;2,186;47.8;1,250;27.3;57.2;228;5;10.4;1,022;22.4;46.8;936;20.5;42.8;1,461;32;737;16.1
Black;Bronx;2004;4,834;2,497;51.7;1,497;31;60;267;5.5;10.7;1,230;25.4;49.3;1,000;20.7;40;1,462;30.2;697;14.4
Black;Bronx;2005;5,048;2,724;54;1,771;35.1;65;261;5.2;9.6;1,510;29.9;55.4;953;18.9;35;1,349;26.7;678;13.4
Black;Bronx;2006;5,161;2,850;55.2;2,089;40.5;73.3;269;5.2;9.4;1,820;35.3;63.9;761;14.7;26.7;1,258;24.4;771;14.9
Black;Bronx;Aug 2006;5,161;3,071;59.5;2,188;42.4;71.2;272;5.3;8.9;1,916;37.1;62.4;883;17.1;28.8;1,044;20.2;764;14.8
Black;Brooklyn;2001;9,382;4,232;45.1;2,137;22.8;50.5;546;5.8;12.9;1,591;17;37.6;2,099;22.4;49.6;3,284;35;1,543;16.4
Black;Brooklyn;2002;9,789;4,435;45.3;2,591;26.5;58.4;586;6;13.2;2,005;20.5;45.2;1,852;18.9;41.8;3,438;35.1;1,428;14.6
Black;Brooklyn;2003;10,350;4,958;47.9;2,942;28.4;59.3;730;7.1;14.7;2,212;21.4;44.6;2,016;19.5;40.7;3,668;35.4;1,410;13.6
Black;Brooklyn;2004;11,070;5,733;51.8;3,641;32.9;63.5;927;8.4;16.2;2,714;24.5;47.3;2,092;18.9;36.5;3,631;32.8;1,320;11.9
Black;Brooklyn;2005;11,098;5,886;53;4,033;36.3;68.5;868;7.8;14.7;3,165;28.5;53.8;1,853;16.7;31.5;3,484;31.4;1,214;10.9
Black;Brooklyn;2006;10,886;6,024;55.3;4,424;40.6;73.4;870;8;14.4;3,554;32.6;59;1,600;14.7;26.6;3,069;28.2;1,320;12.1
Black;Brooklyn;Aug 2006;10,886;6,587;60.5;4,672;42.9;70.9;876;8;13.3;3,796;34.9;57.6;1,915;17.6;29.1;2,514;23.1;1,312;12.1
Black;Manhattan;2001;3,677;1,935;52.6;1,101;29.9;56.9;266;7.2;13.7;835;22.7;43.2;834;22.7;43.1;966;26.3;626;17
Black;Manhattan;2002;4,045;2,060;50.9;1,276;31.5;61.9;223;5.5;10.8;1,053;26;51.1;789;19.5;38.3;1,261;31.2;591;14.6
Black;Manhattan;2003;3,994;1,917;48;1,233;30.9;64.3;367;9.2;19.1;866;21.7;45.2;684;17.1;35.7;1,436;36;513;12.8
Black;Manhattan;2004;4,128;2,074;50.2;1,360;32.9;65.6;329;8;15.9;1,031;25;49.7;714;17.3;34.4;1,401;33.9;545;13.2
Black;Manhattan;2005;4,448;2,423;54.5;1,769;39.8;73;315;7.1;13;1,454;32.7;60;654;14.7;27;1,322;29.7;493;11.1
Black;Manhattan;2006;4,655;2,632;56.5;2,088;44.9;79.3;342;7.3;13;1,746;37.5;66.3;544;11.7;20.7;1,280;27.5;502;10.8
Black;Manhattan;Aug 2006;4,655;2,819;60.6;2,187;47;77.6;344;7.4;12.2;1,843;39.6;65.4;632;13.6;22.4;1,095;23.5;500;10.7
Black;Queens;2001;4,600;2,146;46.7;1,273;27.7;59.3;299;6.5;13.9;974;21.2;45.4;872;19;40.6;1,485;32.3;810;17.6
Black;Queens;2002;4,800;2,284;47.6;1,368;28.5;59.9;295;6.1;12.9;1,073;22.4;47;917;19.1;40.1;1,512;31.5;788;16.4
Black;Queens;2003;5,053;2,561;50.7;1,652;32.7;64.5;398;7.9;15.5;1,254;24.8;49;909;18;35.5;1,558;30.8;787;15.6
Black;Queens;2004;4,949;2,578;52.1;1,708;34.5;66.3;399;8.1;15.5;1,309;26.4;50.8;870;17.6;33.7;1,546;31.2;701;14.2
Black;Queens;2005;5,241;2,882;55;2,080;39.7;72.2;425;8.1;14.7;1,655;31.6;57.4;802;15.3;27.8;1,372;26.2;708;13.5
Black;Queens;2006;5,139;2,939;57.2;2,202;42.8;74.9;405;7.9;13.8;1,797;35;61.1;737;14.3;25.1;1,308;25.5;689;13.4
Black;Queens;Aug 2006;5,139;3,198;62.2;2,305;44.9;72.1;407;7.9;12.7;1,898;36.9;59.3;893;17.4;27.9;1,053;20.5;685;13.3
Black;Staten Island;2001;621;282;45.4;161;25.9;57.1;39;6.3;13.8;122;19.6;43.3;122;19.6;43.3;207;33.3;100;16.1
Black;Staten Island;2002;686;334;48.7;203;29.6;60.8;39;5.7;11.7;164;23.9;49.1;132;19.2;39.5;225;32.8;90;13.1
Black;Staten Island;2003;739;396;53.6;260;35.2;65.7;59;8;14.9;201;27.2;50.8;136;18.4;34.3;239;32.3;72;9.7
Black;Staten Island;2004;694;349;50.3;247;35.6;70.8;78;11.2;22.3;169;24.4;48.4;102;14.7;29.2;231;33.3;90;13
Black;Staten Island;2005;778;429;55.1;289;37.1;67.4;62;8;14.5;227;29.2;52.9;140;18;32.6;196;25.2;87;11.2
Black;Staten Island;2006;771;427;55.4;333;43.2;78;85;11;19.9;248;32.2;58.1;94;12.2;22;195;25.3;104;13.5
Black;Staten Island;Aug 2006;771;449;58.2;343;44.5;76.4;85;11;18.9;258;33.5;57.5;106;13.7;23.6;173;22.4;104;13.5
Hispanic;Bronx;2001;6,150;2,261;36.8;1,064;17.3;47.1;242;3.9;10.7;822;13.4;36.4;1,198;19.5;53;2,035;33.1;1,506;24.5
Hispanic;Bronx;2002;6,623;2,606;39.3;1,325;20;50.8;228;3.4;8.7;1,097;16.6;42.1;1,286;19.4;49.3;2,351;35.5;1,378;20.8
Hispanic;Bronx;2003;7,583;3,131;41.3;1,708;22.5;54.6;380;5;12.1;1,328;17.5;42.4;1,423;18.8;45.4;2,548;33.6;1,598;21.1
Hispanic;Bronx;2004;8,009;3,810;47.6;2,146;26.8;56.3;432;5.4;11.3;1,714;21.4;45;1,664;20.8;43.7;2,463;30.8;1,490;18.6
Hispanic;Bronx;2005;8,616;4,356;50.6;2,842;33;65.2;570;6.6;13.1;2,272;26.4;52.2;1,514;17.6;34.8;2,392;27.8;1,351;15.7
Hispanic;Bronx;2006;8,850;4,469;50.5;3,121;35.3;69.8;534;6;11.9;2,587;29.2;57.9;1,348;15.2;30.2;2,360;26.7;1,507;17
Hispanic;Bronx;Aug 2006;8,850;4,896;55.3;3,294;37.2;67.3;540;6.1;11;2,754;31.1;56.3;1,602;18.1;32.7;1,950;22;1,490;16.8
Hispanic;Brooklyn;2001;4,393;1,619;36.9;815;18.6;50.3;278;6.3;17.2;537;12.2;33.2;806;18.3;49.8;1,563;35.6;1,045;23.8
Hispanic;Brooklyn;2002;4,662;1,803;38.7;937;20.1;52;236;5.1;13.1;701;15;38.9;867;18.6;48.1;1,649;35.4;1,052;22.6
Hispanic;Brooklyn;2003;4,876;2,055;42.1;1,216;24.9;59.2;422;8.7;20.5;794;16.3;38.6;839;17.2;40.8;1,700;34.9;993;20.4
Hispanic;Brooklyn;2004;5,170;2,332;45.1;1,485;28.7;63.7;480;9.3;20.6;1,005;19.4;43.1;847;16.4;36.3;1,716;33.2;973;18.8
Hispanic;Brooklyn;2005;5,244;2,529;48.2;1,706;32.5;67.5;499;9.5;19.7;1,207;23;47.7;823;15.7;32.5;1,690;32.2;821;15.7
Hispanic;Brooklyn;2006;5,327;2,634;49.4;1,976;37.1;75;461;8.7;17.5;1,515;28.4;57.5;658;12.4;25;1,582;29.7;903;17
Hispanic;Brooklyn;Aug 2006;5,327;2,845;53.4;2,070;38.9;72.8;465;8.7;16.3;1,605;30.1;56.4;775;14.5;27.2;1,375;25.8;899;16.9
Hispanic;Manhattan;2001;5,739;2,924;50.9;1,678;29.2;57.4;389;6.8;13.3;1,289;22.5;44.1;1,247;21.7;42.6;1,471;25.6;1,127;19.6
Hispanic;Manhattan;2002;5,985;2,974;49.7;1,823;30.5;61.3;379;6.3;12.7;1,444;24.1;48.6;1,155;19.3;38.8;1,857;31;965;16.1
Hispanic;Manhattan;2003;6,613;3,126;47.3;1,968;29.8;63;605;9.1;19.4;1,363;20.6;43.6;1,158;17.5;37;2,285;34.6;1,053;15.9
Hispanic;Manhattan;2004;7,276;3,747;51.5;2,382;32.7;63.6;755;10.4;20.1;1,627;22.4;43.4;1,365;18.8;36.4;2,251;30.9;1,147;15.8
Hispanic;Manhattan;2005;7,555;4,231;56;2,954;39.1;69.8;650;8.6;15.4;2,304;30.5;54.5;1,276;16.9;30.2;2,083;27.6;942;12.5
Hispanic;Manhattan;2006;7,766;4,478;57.7;3,514;45.2;78.5;699;9;15.6;2,815;36.2;62.9;964;12.4;21.5;1,976;25.4;1,009;13
Hispanic;Manhattan;Aug 2006;7,766;4,768;61.4;3,652;47;76.6;704;9.1;14.8;2,948;38;61.8;1,116;14.4;23.4;1,693;21.8;1,003;12.9
Hispanic;Queens;2001;5,335;2,371;44.4;1,513;28.4;63.8;402;7.5;17;1,111;20.8;46.9;861;16.1;36.3;1,755;32.9;1,051;19.7
Hispanic;Queens;2002;5,952;2,656;44.6;1,822;30.6;68.6;476;8;17.9;1,346;22.6;50.7;835;14;31.4;1,941;32.6;1,154;19.4
Hispanic;Queens;2003;5,870;2,709;46.1;1,855;31.6;68.5;573;9.8;21.2;1,282;21.8;47.3;854;14.5;31.5;1,926;32.8;1,106;18.8
Hispanic;Queens;2004;6,424;3,199;49.8;2,340;36.4;73.1;758;11.8;23.7;1,582;24.6;49.5;859;13.4;26.9;2,010;31.3;1,113;17.3
Hispanic;Queens;2005;6,842;3,540;51.7;2,554;37.3;72.1;701;10.2;19.8;1,853;27.1;52.3;986;14.4;27.9;1,875;27.4;1,132;16.5
Hispanic;Queens;2006;6,867;3,879;56.5;3,068;44.7;79.1;765;11.1;19.7;2,303;33.5;59.4;811;11.8;20.9;1,769;25.8;989;14.4
Hispanic;Queens;Aug 2006;6,867;4,216;61.4;3,240;47.2;76.9;769;11.2;18.2;2,471;36;58.6;976;14.2;23.1;1,432;20.9;989;14.4
Hispanic;Staten Island;2001;604;312;51.7;204;33.8;65.4;49;8.1;15.7;155;25.7;49.7;108;17.9;34.6;178;29.5;94;15.6
Hispanic;Staten Island;2002;731;349;47.7;228;31.2;65.3;51;7;14.6;177;24.2;50.7;121;16.6;34.7;217;29.7;133;18.2
Hispanic;Staten Island;2003;760;381;50.1;276;36.3;72.4;84;11.1;22;192;25.3;50.4;105;13.8;27.6;251;33;109;14.3
Hispanic;Staten Island;2004;829;429;51.7;312;37.6;72.7;85;10.3;19.8;227;27.4;52.9;117;14.1;27.3;258;31.1;118;14.2
Hispanic;Staten Island;2005;915;479;52.3;358;39.1;74.7;94;10.3;19.6;264;28.9;55.1;121;13.2;25.3;238;26;127;13.9
Hispanic;Staten Island;2006;906;547;60.4;425;46.9;77.7;114;12.6;20.8;311;34.3;56.9;122;13.5;22.3;194;21.4;116;12.8
Hispanic;Staten Island;Aug 2006;906;564;62.3;433;47.8;76.8;114;12.6;20.2;319;35.2;56.6;131;14.5;23.2;177;19.5;116;12.8
White;Bronx;2001;756;485;64.2;368;48.7;75.9;280;37;57.7;88;11.6;18.1;117;15.5;24.1;153;20.2;95;12.6
White;Bronx;2002;696;473;68;379;54.5;80.1;267;38.4;56.4;112;16.1;23.7;94;13.5;19.9;130;18.7;73;10.5
White;Bronx;2003;649;423;65.2;351;54.1;83;238;36.7;56.3;113;17.4;26.7;72;11.1;17;123;19;87;13.4
White;Bronx;2004;681;467;68.6;388;57;83.1;269;39.5;57.6;119;17.5;25.5;79;11.6;16.9;119;17.5;83;12.2
White;Bronx;2005;644;432;67.1;365;56.7;84.5;244;37.9;56.5;121;18.8;28;67;10.4;15.5;114;17.7;72;11.2
White;Bronx;2006;636;444;69.8;396;62.3;89.2;254;39.9;57.2;142;22.3;32;48;7.5;10.8;99;15.6;77;12.1
White;Bronx;Aug 2006;636;459;72.2;403;63.4;87.8;254;39.9;55.3;149;23.4;32.5;56;8.8;12.2;84;13.2;77;12.1
White;Brooklyn;2001;3,714;2,345;63.1;1,910;51.4;81.4;1,074;28.9;45.8;836;22.5;35.7;438;11.8;18.7;676;18.2;646;17.4
White;Brooklyn;2002;3,619;2,315;64;1,952;53.9;84.3;987;27.3;42.6;965;26.7;41.7;364;10.1;15.7;701;19.4;547;15.1
White;Brooklyn;2003;3,195;2,027;63.4;1,760;55.1;86.8;908;28.4;44.8;852;26.7;42;267;8.4;13.2;615;19.2;510;16
White;Brooklyn;2004;3,090;2,070;67;1,794;58.1;86.7;1,004;32.5;48.5;790;25.6;38.2;276;8.9;13.3;568;18.4;416;13.5
White;Brooklyn;2005;2,879;1,978;68.7;1,747;60.7;88.3;934;32.4;47.2;813;28.2;41.1;231;8;11.7;524;18.2;310;10.8
White;Brooklyn;2006;2,850;1,997;70.1;1,798;63.1;90;930;32.6;46.6;868;30.5;43.5;199;7;10;501;17.6;301;10.6
White;Brooklyn;Aug 2006;2,850;2,102;73.8;1,868;65.5;88.9;943;33.1;44.9;925;32.5;44;234;8.2;11.1;398;14;299;10.5
White;Manhattan;2001;1,633;1,337;81.9;1,132;69.3;84.7;570;34.9;42.6;562;34.4;42;206;12.6;15.4;167;10.2;107;6.6
White;Manhattan;2002;1,640;1,319;80.4;1,162;70.9;88.1;561;34.2;42.5;601;36.6;45.6;157;9.6;11.9;189;11.5;87;5.3
White;Manhattan;2003;1,493;1,202;80.5;1,075;72;89.4;665;44.5;55.3;410;27.5;34.1;127;8.5;10.6;207;13.9;77;5.2
White;Manhattan;2004;1,580;1,277;80.8;1,186;75.1;92.9;647;40.9;50.7;539;34.1;42.2;91;5.8;7.1;238;15.1;53;3.4
White;Manhattan;2005;1,647;1,384;84;1,268;77;91.6;635;38.6;45.9;633;38.4;45.7;116;7;8.4;183;11.1;59;3.6
White;Manhattan;2006;1,743;1,468;84.2;1,380;79.2;94;603;34.6;41.1;777;44.6;52.9;88;5;6;197;11.3;48;2.8
White;Manhattan;Aug 2006;1,743;1,496;85.8;1,398;80.2;93.4;604;34.7;40.4;794;45.6;53.1;98;5.6;6.6;170;9.8;47;2.7
White;Queens;2001;2,807;1,801;64.2;1,394;49.7;77.4;713;25.4;39.6;681;24.3;37.8;413;14.7;22.9;544;19.4;372;13.3
White;Queens;2002;2,839;1,833;64.6;1,509;53.2;82.3;712;25.1;38.8;797;28.1;43.5;325;11.4;17.7;539;19;383;13.5
White;Queens;2003;2,580;1,747;67.7;1,441;55.9;82.5;703;27.2;40.2;738;28.6;42.2;306;11.9;17.5;436;16.9;341;13.2
White;Queens;2004;2,397;1,651;68.9;1,387;57.9;84;690;28.8;41.8;697;29.1;42.2;264;11;16;457;19.1;252;10.5
White;Queens;2005;2,361;1,667;70.6;1,369;58;82.1;635;26.9;38.1;734;31.1;44;298;12.6;17.9;369;15.6;248;10.5
White;Queens;2006;2,387;1,736;72.7;1,484;62.2;85.5;654;27.4;37.7;830;34.8;47.8;252;10.6;14.5;382;16;206;8.6
White;Queens;Aug 2006;2,387;1,826;76.5;1,530;64.1;83.8;659;27.6;36.1;871;36.5;47.7;296;12.4;16.2;292;12.2;206;8.6
White;Staten Island;2001;2,304;1,700;73.8;1,309;56.8;77;650;28.2;38.2;659;28.6;38.8;391;17;23;351;15.2;205;8.9
White;Staten Island;2002;2,389;1,768;74;1,384;57.9;78.3;628;26.3;35.5;756;31.6;42.8;384;16.1;21.7;364;15.2;187;7.8
White;Staten Island;2003;2,336;1,726;73.9;1,366;58.5;79.1;586;25.1;34;780;33.4;45.2;360;15.4;20.9;381;16.3;171;7.3
White;Staten Island;2004;2,243;1,686;75.2;1,366;60.9;81;687;30.6;40.7;679;30.3;40.3;320;14.3;19;315;14;167;7.4
White;Staten Island;2005;2,368;1,855;78.3;1,521;64.2;82;715;30.2;38.5;806;34;43.5;334;14.1;18;277;11.7;139;5.9
White;Staten Island;2006;2,461;1,961;79.7;1,678;68.2;85.6;746;30.3;38;932;37.9;47.5;283;11.5;14.4;268;10.9;174;7.1
White;Staten Island;Aug 2006;2,461;1,998;81.2;1,697;69;84.9;748;30.4;37.4;949;38.6;47.5;301;12.2;15.1;232;9.4;173;7
Female;Bronx;2001;5,532;2,711;49;1,409;25.5;52;519;9.4;19.1;890;16.1;32.8;1,305;23.6;48.1;1,547;28;1,052;19
Female;Bronx;2002;5,835;2,921;50.1;1,652;28.3;56.6;474;8.1;16.2;1,178;20.2;40.3;1,273;21.8;43.6;1,832;31.4;880;15.1
Female;Bronx;2003;6,688;3,498;52.3;2,081;31.1;59.5;649;9.7;18.6;1,432;21.4;40.9;1,417;21.2;40.5;1,969;29.4;1,015;15.2
Female;Bronx;2004;7,085;4,091;57.7;2,552;36;62.4;731;10.3;17.9;1,821;25.7;44.5;1,539;21.7;37.6;1,853;26.2;980;13.8
Female;Bronx;2005;7,288;4,432;60.8;3,010;41.3;67.9;809;11.1;18.3;2,201;30.2;49.7;1,422;19.5;32.1;1,652;22.7;879;12.1
Female;Bronx;2006;7,505;4,455;59.4;3,319;44.2;74.5;773;10.3;17.4;2,546;33.9;57.1;1,136;15.1;25.5;1,683;22.4;1,070;14.3
Female;Bronx;Aug 2006;7,505;4,792;63.9;3,475;46.3;72.5;781;10.4;16.3;2,694;35.9;56.2;1,317;17.5;27.5;1,364;18.2;1,052;14
Female;Brooklyn;2001;9,849;5,538;56.2;3,455;35.1;62.4;1,568;15.9;28.3;1,887;19.2;34.1;2,086;21.2;37.7;2,656;27;1,446;14.7
Female;Brooklyn;2002;10,253;5,723;55.8;3,861;37.7;67.5;1,534;15;26.8;2,327;22.7;40.7;1,867;18.2;32.6;2,827;27.6;1,388;13.5
Female;Brooklyn;2003;10,481;6,147;58.6;4,302;41;70;1,827;17.4;29.7;2,475;23.6;40.3;1,845;17.6;30;2,808;26.8;1,317;12.6
Female;Brooklyn;2004;10,918;6,810;62.4;4,905;44.9;72;2,044;18.7;30;2,861;26.2;42;1,905;17.4;28;2,731;25;1,177;10.8
Female;Brooklyn;2005;10,942;6,867;62.8;5,149;47.1;75;1,939;17.7;28.2;3,210;29.3;46.7;1,718;15.7;25;2,679;24.5;1,032;9.4
Female;Brooklyn;2006;10,790;7,034;65.2;5,618;52.1;79.9;2,048;19;29.1;3,570;33.1;50.8;1,416;13.1;20.1;2,319;21.5;1,163;10.8
Female;Brooklyn;Aug 2006;10,790;7,484;69.4;5,825;54;77.8;2,064;19.1;27.6;3,761;34.9;50.3;1,659;15.4;22.2;1,877;17.4;1,155;10.7
Female;Manhattan;2001;6,720;4,434;66;2,995;44.6;67.5;1,040;15.5;23.5;1,955;29.1;44.1;1,440;21.4;32.5;1,286;19.1;831;12.4
Female;Manhattan;2002;7,277;4,652;63.9;3,265;44.9;70.2;990;13.6;21.3;2,275;31.3;48.9;1,394;19.2;30;1,645;22.6;806;11.1
Female;Manhattan;2003;7,465;4,619;61.9;3,318;44.4;71.8;1,507;20.2;32.6;1,811;24.3;39.2;1,301;17.4;28.2;1,958;26.2;761;10.2
Female;Manhattan;2004;8,070;5,178;64.2;3,743;46.4;72.3;1,601;19.8;30.9;2,142;26.5;41.4;1,435;17.8;27.7;2,001;24.8;803;10
Female;Manhattan;2005;8,566;5,784;67.5;4,525;52.8;78.2;1,546;18;26.7;2,979;34.8;51.5;1,259;14.7;21.8;1,819;21.2;722;8.4
Female;Manhattan;2006;8,907;6,214;69.8;5,205;58.4;83.8;1,593;17.9;25.6;3,612;40.6;58.1;1,009;11.3;16.2;1,708;19.2;753;8.5
Female;Manhattan;Aug 2006;8,907;6,479;72.7;5,328;59.8;82.2;1,596;17.9;24.6;3,732;41.9;57.6;1,151;12.9;17.8;1,449;16.3;747;8.4
Female;Queens;2001;8,327;5,089;61.1;3,600;43.2;70.7;1,566;18.8;30.8;2,034;24.4;40;1,496;18;29.4;1,991;23.9;1,064;12.8
Female;Queens;2002;8,976;5,511;61.4;4,032;44.9;73.2;1,695;18.9;30.8;2,337;26;42.4;1,484;16.5;26.9;2,091;23.3;1,124;12.5
Female;Queens;2003;8,992;5,779;64.3;4,350;48.4;75.3;1,877;20.9;32.5;2,473;27.5;42.8;1,429;15.9;24.7;2,007;22.3;1,051;11.7
Female;Queens;2004;9,027;5,883;65.2;4,565;50.6;77.6;1,959;21.7;33.3;2,606;28.9;44.3;1,318;14.6;22.4;2,053;22.7;989;11
Female;Queens;2005;9,252;6,338;68.5;4,937;53.4;77.9;2,000;21.6;31.6;2,937;31.7;46.3;1,401;15.1;22.1;1,682;18.2;949;10.3
Female;Queens;2006;9,356;6,578;70.3;5,411;57.8;82.3;2,065;22.1;31.4;3,346;35.8;50.9;1,167;12.5;17.7;1,718;18.4;878;9.4
Female;Queens;Aug 2006;9,356;6,956;74.3;5,588;59.7;80.3;2,084;22.3;30;3,504;37.5;50.4;1,368;14.6;19.7;1,343;14.4;875;9.4
Female;Staten Island;2001;1,805;1,307;72.4;964;53.4;73.8;453;25.1;34.7;511;28.3;39.1;344;19.1;26.3;304;16.8;149;8.3
Female;Staten Island;2002;2,023;1,426;70.5;1,092;54;76.6;461;22.8;32.3;631;31.2;44.2;335;16.6;23.5;341;16.9;186;9.2
Female;Staten Island;2003;2,115;1,515;71.6;1,164;55;76.8;479;22.6;31.6;685;32.4;45.2;351;16.6;23.2;389;18.4;162;7.7
Female;Staten Island;2004;2,050;1,478;72.1;1,185;57.8;80.2;568;27.7;38.4;617;30.1;41.7;293;14.3;19.8;363;17.7;156;7.6
Female;Staten Island;2005;2,216;1,633;73.7;1,303;58.8;79.8;569;25.7;34.8;734;33.1;44.9;330;14.9;20.2;311;14;158;7.1
Female;Staten Island;2006;2,190;1,665;76;1,389;63.4;83.4;619;28.3;37.2;770;35.2;46.2;276;12.6;16.6;289;13.2;179;8.2
Female;Staten Island;Aug 2006;2,190;1,698;77.5;1,398;63.8;82.3;621;28.4;36.6;777;35.5;45.8;300;13.7;17.7;257;11.7;178;8.1
Male;Bronx;2001;5,921;2,202;37.2;1,235;20.9;56.1;479;8.1;21.8;756;12.8;34.3;966;16.3;43.9;1,965;33.2;1,386;23.4
Male;Bronx;2002;6,197;2,407;38.8;1,466;23.7;60.9;518;8.4;21.5;948;15.3;39.4;944;15.2;39.2;2,215;35.7;1,260;20.3
Male;Bronx;2003;6,944;2,891;41.6;1,780;25.6;61.6;606;8.7;21;1,174;16.9;40.6;1,111;16;38.4;2,289;33;1,457;21
Male;Bronx;2004;7,279;3,357;46.1;2,073;28.5;61.8;664;9.1;19.8;1,409;19.4;42;1,284;17.6;38.2;2,316;31.8;1,323;18.2
Male;Bronx;2005;7,887;3,797;48.1;2,608;33.1;68.7;735;9.3;19.4;1,873;23.7;49.3;1,189;15.1;31.3;2,291;29;1,268;16.1
Male;Bronx;2006;8,074;4,069;50.4;2,993;37.1;73.6;785;9.7;19.3;2,208;27.3;54.3;1,076;13.3;26.4;2,141;26.5;1,332;16.5
Male;Bronx;Aug 2006;8,074;4,423;54.8;3,130;38.8;70.8;791;9.8;17.9;2,339;29;52.9;1,293;16;29.2;1,796;22.2;1,323;16.4
Male;Brooklyn;2001;10,112;4,220;41.7;2,722;26.9;64.5;1,261;12.5;29.9;1,461;14.4;34.6;1,505;14.9;35.7;3,445;34.1;2,101;20.8
Male;Brooklyn;2002;10,555;4,614;43.7;3,189;30.2;69.1;1,331;12.6;28.8;1,858;17.6;40.3;1,431;13.6;31;3,541;33.5;1,981;18.8
Male;Brooklyn;2003;10,853;4,917;45.3;3,409;31.4;69.3;1,412;13;28.7;1,997;18.4;40.6;1,508;13.9;30.7;3,763;34.7;1,881;17.3
Male;Brooklyn;2004;11,435;5,493;48;3,967;34.7;72.2;1,697;14.8;30.9;2,270;19.9;41.3;1,526;13.3;27.8;3,756;32.8;1,796;15.7
Male;Brooklyn;2005;11,389;5,736;50.4;4,339;38.1;75.6;1,679;14.7;29.3;2,660;23.4;46.4;1,397;12.3;24.4;3,641;32;1,546;13.6
Male;Brooklyn;2006;11,387;6,006;52.7;4,822;42.3;80.3;1,669;14.7;27.8;3,153;27.7;52.5;1,184;10.4;19.7;3,317;29.1;1,568;13.8
Male;Brooklyn;Aug 2006;11,387;6,559;57.6;5,120;45;78.1;1,699;14.9;25.9;3,421;30;52.2;1,439;12.6;21.9;2,771;24.3;1,561;13.7
Male;Manhattan;2001;5,950;3,046;51.2;1,968;33.1;64.6;811;13.6;26.6;1,157;19.4;38;1,079;18.1;35.4;1,543;25.9;1,131;19
Male;Manhattan;2002;6,186;3,094;50;2,232;36.1;72.1;882;14.3;28.5;1,350;21.8;43.6;865;14;28;1,916;31;937;15.1
Male;Manhattan;2003;6,414;2,994;46.7;2,181;34;72.8;1,020;15.9;34.1;1,161;18.1;38.8;813;12.7;27.2;2,282;35.6;968;15.1
Male;Manhattan;2004;7,057;3,602;51;2,706;38.3;75.1;1,210;17.1;33.6;1,496;21.2;41.5;896;12.7;24.9;2,242;31.8;1,039;14.7
Male;Manhattan;2005;7,277;4,032;55.4;3,098;42.6;76.8;1,127;15.5;28;1,971;27.1;48.9;933;12.8;23.1;2,055;28.2;875;12
Male;Manhattan;2006;7,509;4,197;55.9;3,510;46.7;83.6;1,188;15.8;28.3;2,322;30.9;55.3;687;9.1;16.4;2,011;26.8;931;12.4
Male;Manhattan;Aug 2006;7,509;4,468;59.5;3,665;48.8;82;1,195;15.9;26.7;2,470;32.9;55.3;803;10.7;18;1,745;23.2;927;12.3
Male;Queens;2001;8,684;4,091;47.1;2,852;32.8;69.7;1,128;13;27.6;1,724;19.9;42.1;1,242;14.3;30.4;2,688;31;1,632;18.8
Male;Queens;2002;9,286;4,358;46.9;3,218;34.7;73.8;1,142;12.3;26.2;2,076;22.4;47.6;1,140;12.3;26.2;2,870;30.9;1,692;18.2
Male;Queens;2003;9,423;4,676;49.6;3,567;37.9;76.3;1,518;16.1;32.5;2,049;21.7;43.8;1,109;11.8;23.7;2,862;30.4;1,667;17.7
Male;Queens;2004;9,698;5,039;52;3,885;40.1;77.1;1,645;17;32.6;2,240;23.1;44.5;1,154;11.9;22.9;2,948;30.4;1,516;15.6
Male;Queens;2005;10,259;5,525;53.9;4,353;42.4;78.8;1,618;15.8;29.3;2,735;26.7;49.5;1,172;11.4;21.2;2,753;26.8;1,486;14.5
Male;Queens;2006;10,202;5,887;57.7;4,874;47.8;82.8;1,572;15.4;26.7;3,302;32.4;56.1;1,013;9.9;17.2;2,554;25;1,378;13.5
Male;Queens;Aug 2006;10,202;6,422;62.9;5,164;50.6;80.4;1,597;15.7;24.9;3,567;35;55.5;1,258;12.3;19.6;2,020;19.8;1,377;13.5
Male;Staten Island;2001;2,067;1,258;60.9;937;45.3;74.5;423;20.5;33.6;514;24.9;40.9;321;15.5;25.5;482;23.3;268;13
Male;Staten Island;2002;2,111;1,295;61.3;948;44.9;73.2;400;18.9;30.9;548;26;42.3;348;16.5;26.9;503;23.8;240;11.4
Male;Staten Island;2003;2,103;1,297;61.7;1,005;47.8;77.5;404;19.2;31.1;601;28.6;46.3;292;13.9;22.5;530;25.2;212;10.1
Male;Staten Island;2004;2,092;1,310;62.6;1,035;49.5;79;461;22;35.2;574;27.4;43.8;275;13.1;21;481;23;225;10.8
Male;Staten Island;2005;2,244;1,465;65.3;1,164;51.9;79.5;490;21.8;33.4;674;30;46;301;13.4;20.5;447;19.9;204;9.1
Male;Staten Island;2006;2,413;1,681;69.7;1,429;59.2;85;573;23.7;34.1;856;35.5;50.9;252;10.4;15;394;16.3;235;9.7
Male;Staten Island;Aug 2006;2,413;1,725;71.5;1,458;60.4;84.5;573;23.7;33.2;885;36.7;51.3;267;11.1;15.5;350;14.5;235;9.7
